Country,2000,2001,2002,2003,2004,2005,2006,2007,2008,2009,2010,2011,2012,2013
Afghanistan,0.7088511629166392,1.8083172916644181,-1.5237380966213558,-4.001029755647562,5.731541074461436,-5.015032945664781,4.109368046283935,-3.1381748037638664,0.7303860454339828,0.27108730654220387,3.7418142692511847,-1.9626837383649998,-6.678803110366462,14.170009034463318
Africa,-0.6291150964047953,1.0292926451499174,0.48374002831321433,0.2573981090753607,-0.5181364403760097,1.045352149448869,-1.3406255590080527,0.13128426905551777,-0.38964784151189713,1.0981094473769113,1.7821109623798834,-2.693100402394739,-0.24442068599170377,1.9527418936271406
Albania,0.6799108913912653,-0.4085863760086051,-0.9532215357457919,0.4916451059802202,-2.703661348222518,-3.8548567549560535,1.803026836204362,7.040064730322432,0.4655459966643676,-0.7948071801363741,-0.49719799435385786,-2.411300323644141,2.417570156026226,8.901821219109202
Algeria,-1.0994776966525321,2.8801575660484247,-1.8662388394737777,0.5385429117036613,-1.958158538418403,1.281917265986474,-0.08979223933587019,-0.5598980751351407,-0.4782120893124469,0.8521135826696157,4.393966576045708,-4.249342340079568,-0.7841783729679523,4.870276701292036
American Samoa,0.5640289896122546,0.028471886308421866,1.1397755340019344,-0.991663010092142,0.059906228413912015,0.3384508238284141,-1.0676384094105713,1.3705669666897347,-1.665912837060468,0.1450881487678045,1.5505022949283565,-1.6169814928924924,0.710552459936913,1.161091487269367
Andorra,1.094126341142985,-0.7783786710706952,0.8472437292367185,4.716745019785576,-6.64823523332129,-3.3179717124747348,10.228240565126214,-5.291146144456272,-1.453418618840975,4.909456460488498,-8.640583554376631,13.18356681425564,-5.036778616457072,-0.25965869569621325
Angola,-0.09568665413187268,0.6361617125309512,1.87790471605532,0.6153991552346985,-2.140542415254369,1.742138411217,-4.436977717140834,2.187078769008808,-0.6231305155597129,0.13086656097634783,1.6355611318979157,-2.873854609850902,0.4251842212773558,1.738172367033317
Anguilla,-1.0672436649549844,1.3150234264538743,0.4733932904026173,0.5053576994422957,-1.2407829487939912,1.4572815297187747,-0.3464668197170418,0.17670028796719667,-1.967365097329807,1.209143804596458,1.4103991529717288,-1.1762875741910617,0.40291820548526275,-0.9994844288466747
Antigua And Barbuda,-0.8833439297747646,1.345191428704237,0.39596876280398796,0.5558245848066761,-1.3181248220592032,1.646338094741168,-0.4773867829384811,0.1553412197319715,-1.9763169135043275,1.1567285257351176,1.6793552644442316,-1.5837151656275992,0.5031231491601287,-0.6702571673318876
Argentina,-2.0870786983001093,4.202682394947052,-1.2144541733307737,2.2035619220109175,-0.490817312855778,-2.132688633935216,2.96602225481651,-5.995726518612091,5.796498743854546,0.3774661841991981,-2.932735377897452,1.729797840239623,2.2773202372932726,-7.8518388679966895
Armenia,-3.996063627270674,5.29583760439597,-8.028183624452428,-1.8939788304702352,3.152718943728608,0.1568903139521109,3.2672801198373693,-5.154921171731256,1.798589444429897,1.3942187996325417,16.94170441556245,-20.622094791259403,13.29630035026268,9.593507716832118
Aruba,-0.24794975988180434,1.787957432688665,0.7625789138198523,0.0014442894240326353,-1.1912327121052597,0.934013891812248,0.11266642916930834,0.06306848427337854,-1.2926672718966952,1.3418159770125175,0.4728542360340226,-1.5706806282722579,0.4874912321720934,-0.38769384692347364
Asia,-1.5146090657756413,2.403287859357181,2.300539389218138,-1.287785317705112,-0.5292555269119615,2.0949089980955446,-2.9971153846153884,8.252133659784102,-3.6883744780602337,-3.6813082335044283,1.5783551150945454,-0.018463272663700115,-1.687271596298858,19.195369345143916
Australia,-1.6081639435896202,0.38270202214068005,3.065621976727711,-0.09126998849849031,-0.6836648296965211,2.736657904675016,-2.762026772261089,0.9986039008432815,-1.1599423364129282,2.0906524290336703,-2.69899040350807,-1.409386346994384,1.1829834152616359,0.5374696360870702
Austria,11.758878483141569,-11.082365309887761,10.103515828764177,-5.128286114357312,-8.03333629261365,-4.294522944746757,10.107925460826603,9.60369170168667,-2.188721034706107,-2.3829614517800315,-12.69585959383753,18.145358382734436,-3.109253503346844,5.8306691775422514
Azerbaijan,-1.7098838679557489,3.6831063964534603,-5.077401744641044,-3.5995093406262204,5.296314065791963,0.5368675462577631,0.19704821769887373,-1.5529640045363253,-1.193250675864623,1.9907538447023212,10.712303422756715,-15.4268525592055,10.823265398295051,8.307066307524789
Bahamas,-0.6771348285372075,0.516716329938777,2.0937035782231295,0.24537723958580976,-1.262716288308017,-0.18601082537868746,-0.3329888250113152,1.2404849168311212,-0.5185377236194129,-0.5041876208586199,-2.09552760081491,3.0682080924855066,-0.7184999310983397,0.7563017072470232
Bahrain,-2.421082037433666,1.3307721433650734,-0.5999902786385216,0.38233846887348055,-0.805302513639901,-0.6154025592152342,0.8823402244609378,-0.018980269703513436,-0.6723965302379408,1.0255951812131514,2.7803883755843226,-3.440843615290537,1.569888638138515,1.438616990361817
Baker Island,0.15847758444085255,0.4840068693599517,0.8084467644526786,-0.4667007432288792,-0.18883150934428855,0.12719109023218406,0.19469348542829587,-0.316001057584177,-1.196749443168025,1.7267922868435366,-0.01971226452587611,-1.0656261626963834,0.98517575664069,0.9561489224226987
Bangladesh,-2.1958791618326545,0.7428711539353584,0.17102787754406643,-0.39203582826600436,0.4173121930315946,0.5737995509394975,0.9151913938064844,-1.6375150393935272,0.18051787916153583,2.030038664277214,0.13671793321087605,-2.8343891751583654,1.303308525727291,1.699395893643332
Barbados,-0.8796708526512795,1.188569658483682,0.16255334259876494,0.6381554617611255,-0.7823105493484268,1.6592950827198736,-0.6319890643912175,-0.49389898402252225,-1.3249207514075947,1.1720558192355324,1.9192054757750685,-1.614013455598922,-0.17734217914906125,-0.349372257435394
Belarus,2.5552926431342065,-10.336290271602856,8.596237677276825,-12.685154128301413,2.6902439931102258,0.9014118498853582,0.34442756855663353,13.387759966628925,2.555235552565755,-11.491354836064728,-2.2117489028104265,7.833315570712972,-9.927302277569124,20.94072322059936
Belgium,0.9145574685049239,-4.449026138311759,4.6704078406576075,-1.4996715220986476,-3.8422912689834097,2.633320311565754,3.4248916370189573,0.45289650976769447,-5.747461606328417,1.1764332574429353,-11.91842687114833,20.76089762419779,-8.434072414199802,-2.8179388514111907
Belize,-0.32194480946123655,0.9448948652033687,1.032038578196272,0.3024740828830669,-0.46877416361669444,0.6794441441237365,-0.8121455303059519,0.5844370538926805,-1.2919546897407206,1.5008357928278182,-1.5648470695705625,1.3348451775654637,-0.4192020328073997,1.8609967844617943
Benin,-0.15444131681544399,0.1380965590438637,0.5191051157748863,0.5215166819437034,-0.3310735305073394,1.0093761959433571,-0.031967795406097996,-0.2623381853067042,-1.352249989609493,1.6798529000183513,0.6020013437001706,-0.9334906312609125,-1.1023537866684014,1.4730258061028711
Bhutan,-6.371481151522623,3.5615810419430343,-1.9750652207445183,0.42897019785992996,-0.20028475860237901,1.9481627610121652,3.2788531713881954,-1.2019604792282461,-1.914773547514998,5.285798389039035,-1.277187899121195,-4.224835389754586,-0.9717546017217523,8.563895844785097
Bolivia,0.21594335548239207,0.7444865296568995,1.7503306398125629,-1.5875403538409913,1.4497184042515714,-0.9236938482221466,0.45971902160562506,-1.5867101381773212,0.2823878336593934,0.8935453930498214,0.31846885475949455,0.5082434128467708,0.2400788664875509,-4.472088735990406
"Bonaire, Saint Eustatius And Saba",-0.445797608491024,1.7109191174235328,0.6937179816722195,0.13208863295684972,-1.4955238038773984,1.4231330594802851,-0.0183963159893566,0.1979451688914397,-1.2632208726146281,1.2916811653328142,0.8224005686024608,-1.829653367484517,0.5203190731797822,-0.27429105510527335
Bosnia And Herzegovina,6.783038009918194,-6.317183094726869,4.197176498154759,-3.0625439212930705,-4.322106392541776,-6.330504621912403,7.466127401415557,8.40465168793047,0.45757215961560094,-1.6256566215095363,-4.968101849249619,4.155052973228745,2.4638514448774234,7.070413168176924
Botswana,-4.811849014999845,2.1861712665924986,2.8418454471563064,1.7815450208100598,-4.484188329498252,4.576864700376286,-6.6962407194768065,2.735736562098676,-0.3988006220099211,-0.7682998797313548,2.6667720577994736,-3.409932468598974,2.026865456367341,-2.563978556627387
Brazil,-0.3562495262639382,1.222061265122818,1.1602565568708831,-0.6950814588959168,-0.48592951094804115,1.213892102837644,-1.1198945981554873,0.591762354508786,-1.0038439561581443,0.7487111542548405,0.8274551035620985,-1.4857190822246595,1.133224314838445,-1.4346818748886192
British Virgin Islands,-0.9914222835430568,1.5060776202040562,0.6068833346642132,0.28848443405154045,-1.2687241833805458,1.4629213413863213,-0.18170989620048317,0.3476429080237702,-1.987622861303225,1.1681028079037115,1.303914190086332,-1.5743346903274804,0.7397725145822067,-0.17482836971023588
Bulgaria,1.0038031414796817,-2.3767864391595968,0.4860702866237453,-6.226991238834485,2.6355032106880847,-4.092661230541158,3.1164253858818087,10.761481437062919,-2.649423420497009,-0.7820483410147859,-1.0733703267754025,-6.1064052806028695,8.868254710576744,11.509308464571017
Burkina Faso,0.49294990832245356,0.4922806086908513,0.8561832557006328,-0.32668273240197543,0.3658374735286956,0.8595164860436275,-1.087898307017034,0.21784044052178803,-1.7032826431358075,2.0829250457037998,0.7074579651343018,-0.7787404151195976,-1.4819572847606055,2.63884037722669
Burma,-1.8430281444616659,1.6565100811365954,-0.14318648155188723,-0.017838214257557584,-0.7404179690314576,1.9612926418688104,-0.6058181596281906,-1.1153329285845737,0.06726086176685425,2.1733060793972037,0.6369426751592374,-3.0143745977258067,2.59270268775579,2.0961009120220395
Burundi,1.387384726461251,-0.41513251062107875,1.1677040841201802,0.8747058209302876,0.13894639615251148,2.2983798827154267,-1.7527768493544618,-2.304229497302168,-0.06316531090695673,0.954561108522587,1.4664627906136791,-2.4815583901908496,1.0139889921354956,0.5227844899237476
Cambodia,0.8288382290376274,0.6972890731352608,1.1362593668756789,-0.9290369407103745,-0.4395698320782355,0.7747897459167896,0.08731897286113476,-0.6277225375189472,-1.2655168827354901,1.3223242916673033,2.2841731568373653,-3.127326212320949,2.9727627900087006,1.6304787592717251
Cameroon,-0.17507452496669942,0.15811427565378205,1.210183116255323,0.24882850205240492,0.6336873808920936,0.3853666611488216,0.10124862308467274,-0.33045489438948705,-0.3520451675602813,1.1394811131419973,0.2259846238618842,-2.3097288081236598,0.0016749352637648143,1.731016601680278
Canada,26.34951354744218,-22.99683301939518,40.73277600064518,-11.536845322229428,27.55754199594074,-32.79110313658447,-25.646643999496288,65.06672989634853,5.77045412571052,-3.728925363288871,-54.34392696640538,88.4131538291768,-10.68993791730113,-48.35528041550809
Cape Verde,0.3610535861723703,2.304857531078165,-0.7154933476586149,-1.1113471598905487,0.27088899928833343,0.9644644560869106,-0.2569662727622307,-1.096000611659415,0.7101948078138136,-1.4844628667354094,5.013736961743158,-2.026846113894369,-0.8113109388685199,-2.282550241998129
Cayman Islands,-0.24599415993913892,0.7650158968335518,1.514448750419585,-0.2585121124948606,-0.23567491327949225,-0.1262721618216701,-0.20446866880614456,0.4697866562404458,-0.8932476990047955,0.42218880697418176,-1.6671061764768502,1.5082626158631394,-1.1694290416815922,1.6111802450927595
Central African Republic,0.5650567837896912,0.378058302967202,0.42492917847028033,0.7568593403543193,0.48113576228944327,0.7351440958938993,-0.4826163184444809,-0.523753343021889,-0.3804177562385127,2.0880933432598368,-0.6830519502972051,-2.6247159432582876,0.0029252596167772442,2.228495095458193
Chad,-1.1951115617444208,0.682810422194833,0.49785449139534405,0.3789674562072107,0.49979523939057247,0.6918315690537371,-0.5786698568833156,-0.669685301388098,-0.5659214768995318,2.244382275967894,1.3142448608524409,-3.176926338287463,-0.3011235146273074,2.3639196905064392
Chile,-2.701030053834101,2.6723244081590227,-0.786686581350381,3.4488362743672645,1.2642528174895225,-3.0766718380011606,2.852521440245341,-6.723838542690521,7.087347096479582,-1.6539565395653981,-2.817406385231741,3.288604423700607,2.3956074991485847,-3.847214673361953
China,-7.680452366527435,4.95066603727968,2.6229472229230786,-3.510497284816335,2.53589470885401,-3.8799390619428844,7.209819923113245,2.2489934574735666,-6.899026876262522,3.217208375094972,-3.3431504364342715,-2.534747905189822,-3.805856034433951,31.339417132764236
Christmas Island,0.1401632601404925,-0.1011048868415038,1.4618116723542876,-0.1514938981624143,-0.38898722835673477,0.33910735160917305,-0.5722228295669088,0.10712389616835093,-1.036514949915898,1.0074168968261747,1.111013442666204,-1.76883167689718,1.157468866552886,1.277019891139307
Colombia,0.641317750495904,1.5251596407002084,0.6250348425771393,0.3307815896418017,-0.39530442013354666,0.45752934155559233,-0.7566953416653012,0.06836343177883818,-1.3339740069558954,1.8462996153680862,0.2706395159716189,-1.7158039526102071,0.5324082478718521,0.7807575120823796
Comoros,-1.112988458014892,1.6108557250293432,0.9218508948768354,-0.21475931014434207,-0.7841331303296171,1.0997685528713033,-0.8107787348603812,0.5242608394470923,-1.5648932671375306,1.546495088446131,0.7279416142567352,-1.242525867808163,-0.2674453768806644,0.6050240209223863
Congo,-0.10680100755666956,-0.21416659942440638,1.2725955625937098,0.036264189611790856,0.2850196720111916,0.5601284083598395,0.054414679431573645,-0.20930017930598674,0.24838401754544615,0.224705033458632,0.8290843581828774,-3.06866679925534,0.39724050709549674,1.0689086779102162
Congo (Democratic Republic Of The),0.8054748692534616,0.206903199597913,1.2635918577686156,0.01865969133479057,-0.07971289788609605,1.7693407067178801,-1.8219724135630686,-0.5782762475239831,-0.17941296079227018,0.8230170902716901,0.8852292020373367,-2.4062038255577773,0.17864656260560915,1.462599319737276
Costa Rica,0.8032270848302051,0.16173058114337863,0.7368239664041315,1.029203531413066,-0.18436647540215062,-0.468364212073794,0.4191244465063896,-0.49783298080638017,-1.2388066773006512,1.7916481435876837,-1.1166444112795457,-0.43212877437474995,0.6455812944176101,0.667968783028516
Croatia,7.3877860322872735,-6.165061083563821,3.9313243627964325,-2.5732135127626843,-5.153046338293429,-4.556990344885442,7.607222649525723,6.737916950306308,-0.6843199530606261,-0.7860009632364632,-7.100924913107365,6.64112032327737,1.711724660595056,4.744286430030439
Cuba,-0.04845430758795559,0.27696981449166147,1.7658414900234212,0.1846362381078921,-0.3515216271151999,-0.4752131004006831,0.03984330425305179,0.4788850866963666,-0.8561725282774814,-0.12441749265170406,-1.517926908937166,2.051195338310641,-0.3594233931097816,0.7346576785158536
Curaçao,-0.43016514247526716,1.619256943667642,0.8300483451097123,0.08202646681319349,-1.328152408805605,1.1434530069796598,0.1976278746879493,0.06839945280439831,-1.29457656680889,1.1963393448788553,0.7822316609149637,-1.7340685198517996,0.2617964778098249,0.24061597690088807
Cyprus,-3.1471449031695813,2.9305112642732554,-1.4120870655156663,0.029989440337896307,-0.7060184696458673,-0.044227277173178106,-0.23952860090621647,2.073506708404054,0.9998161641820683,0.06246457927418009,3.9423204127530345,-6.061871579483274,1.67708937561129,1.6883619828103154
Czech Republic,8.561634212818559,-13.253614935983707,9.844250392854999,-3.610879721849981,-4.7954084316525165,-1.3971248433661274,6.453194576474713,8.30200030079708,-1.943306485210367,-4.769997433105844,-13.534037253225273,18.31618777344208,-2.666581869060359,3.958704763327155
Côte D'Ivoire,-0.04637589715279199,1.0264244321840408,0.36115971007247033,0.6338019400067288,-0.4111089113811127,0.3217960943396772,-0.45854374433012934,0.571387691369794,-0.6915428270988437,0.6580525009420547,0.7880276722398825,-1.1394926924505464,-1.0613357677605864,1.9158645321047143
Denmark,-4.941404686683399,1.4458081963802771,-4.550492400384724,-3.339249998721184,6.499616331066589,-6.723578488126533,5.953674700078828,-0.24887878848821277,1.876540471882135,-0.3572135365129457,-10.11380450649959,10.31215993017695,-2.2864639929493262,-8.201669647570101
Denmark (Europe),3.229889494331111,-10.00913083177531,9.502826496593707,-4.707948358174699,0.25651948436806205,0.36208791716314165,6.951487763798525,0.8226769702080752,-0.3422611426913252,-6.1630167607334565,-20.098571624150058,26.83222151146853,-7.182484644343188,-0.8368992518848262
Djibouti,1.6631768891612317,-1.2829314579146955,0.185455851047274,0.7661289184742898,-0.7289397189535632,0.9060878837544546,-0.10455601434708874,0.029944392982369436,-1.5009680054611003,1.9001849058854758,-0.199854499234894,0.024577984828710313,0.2655445478203151,2.7442123408794066
Dominica,-0.90160648186997,1.2444410991726824,0.12452528606739101,0.5358446669224287,-0.9244214672574971,1.8247835107902899,-0.6247121230145982,-0.19951931193461997,-1.5861201416036104,1.0719553966547601,1.9900682114741288,-1.8154146530763426,0.4613189894211765,-0.7015564872075479
Dominican Republic,-1.1172526219935341,1.7783716774266336,0.9133532434005587,0.1696057684771702,-1.0049574982160423,0.6161774236891556,0.24320197075291644,0.1517108216206711,-1.6027567039735537,0.8543501563339576,0.12299851455642374,-0.7742537019595733,0.3403077372392634,-0.18887563630842624
Ecuador,0.565393073744592,0.9537970277550937,2.3726450626421722,-0.41879603461656406,-0.09006690684508135,-0.5228589826143182,0.3269787019981264,-1.076914001725414,-0.6059996198526387,2.0379390380627775,-0.1642621432718677,-1.3394483931404273,0.4891061035666132,-0.8099097460191296
Egypt,-3.7760380162045637,3.211849499411824,0.4230828946068492,-0.9269312531843664,0.062420865592996304,0.03898870390914399,-0.06200330920519247,0.33467107222372006,1.3720266278461626,-0.7232611234074996,5.969735271399459,-7.238016983463816,1.8837261632205455,3.089209152641017
El Salvador,0.5046892254948983,0.33750319791660177,0.8531781704068166,0.05315614617939785,0.0719170427193832,-0.4651825283010584,0.5294756629828817,-1.099960530828018,-0.8907367305414842,2.1361216453945584,-1.2754846486196438,0.3574421284172941,0.041748750799092585,1.371048021456875
Equatorial Guinea,-0.40444128526106504,-0.0528668713055226,1.2665007091213847,0.39534078963689884,-0.12974386155450188,0.1162374238921627,0.6302705480231553,-0.045568392986989135,-0.019076318205919963,0.24868623170831394,0.26968263901880546,-1.3776019045780825,-0.03457859780521736,0.21015396061896768
Eritrea,0.011509257380318905,-0.3876356346170567,0.8348356930260888,0.3268279299189528,-0.5490493062505277,0.4079412564590725,-0.7150595882990264,-0.023946360153263357,0.39627074963998277,1.8056243431622259,-0.1367502098715129,-1.6696866181494245,1.0669760051234214,2.236064574173322
Estonia,8.547791745179573,-14.777956126270759,3.9943635247502542,-8.845034143200218,4.921555352780189,1.0197783700378789,8.83819098268464,4.577581587609365,6.397462486275485,-16.59366615451647,-16.807346512331268,36.13589794434532,-20.09127986016702,26.900291651476483
Ethiopia,1.3466637285774252,-0.4253886537308381,0.6835999408321594,0.1423679248912989,-0.329041587782854,0.49729449366380213,-0.497274753019064,-0.22745034818475343,-0.5117883437307033,2.8429091448323227,-1.425761201305958,0.612962769477247,-0.4070753574024673,2.7332698443593206
Europe,3.876061400773925,-6.917311817515759,4.9267390582768344,-2.5777295733911694,-1.6875719003970717,-0.3331162887259429,4.045788516891389,3.420724549317948,-1.7527805152752582,-1.6586659024145436,-9.513314633346708,13.340646953441102,-5.024286716453703,8.497031461829744
Falkland Islands (Islas Malvinas),-8.419571748771993,3.8482568281823477,-9.074840165475731,8.097227392425284,13.128156726697634,-10.681308274237013,6.970198048546511,-10.254292288630614,9.168364999013894,-5.1898154839331445,4.697722277976107,3.8305204023441632,-5.949236917755378,9.528720350881557
Faroe Islands,1.2589759234054414,-0.9269880997902781,10.7320382217752,4.169967362717424,-4.482636248415684,-6.766167041739202,7.642035750882369,-4.160055848194442,-0.5772053548764468,6.510445574229051,-14.62204666965428,12.33139243905713,-8.960803277441515,1.3637394511620198
Federated States Of Micronesia,1.383847619751309,0.24019628682655358,0.3050544523712167,0.17093913841839103,0.3033062186819791,-0.45057772540908697,-0.759696242281493,0.2695721227131364,-0.5155436877001056,0.9796984041774448,0.5189266253458601,-0.7830858269278053,0.6202677327518156,1.1254319322874708
Fiji,0.5859070853880269,-0.33188623623593044,-0.14788830387971977,-1.0370754472387829,0.24004453759495256,0.5318644986981175,-0.046470666610329565,1.6535642991371198,-1.247985057441832,-1.9539321548636257,2.739413799140464,-0.7549305193844578,-0.9508413407024938,1.817726884695748
Finland,54.60351632579835,-41.647326401782415,6.439167959272965,12.091771915402418,4.596973131542089,23.5395353284253,-10.466166189407417,6.92099348815768,3.5113722108440055,-23.79526698081279,-53.11058727067744,209.6102003642986,-46.140631618581466,113.08821601782677
France,0.44888199018333413,-1.9390482554532045,2.5675659231677184,2.0625467142806277,-4.699659992444297,0.2207734388817757,3.2830080751653514,-1.7481116623263453,-2.2673438914841215,2.6518916663599006,-5.926479378362235,10.401245353750378,-5.334522747546855,-0.8939970575003222
France (Europe),1.023452628559108,-3.207508324044924,3.5727121366593373,2.6294171800864325,-6.7118400805945235,-0.33063108375989225,5.718780844384757,-2.5221999929802617,-3.2067808327692218,3.631453250898383,-9.269150692799192,16.53281003964266,-7.6673932085311005,-1.2001676704833697
French Guiana,-0.8244792804084158,0.9423906660879696,0.5045762792241633,1.0855580825477407,-0.16648410465782845,1.7361922840747372,-2.1364208746059337,-0.3694265123006349,-0.2155646473978423,1.0162243188431457,1.0752084794638068,-1.5816225819186864,0.24444054453832556,-0.47815403468844137
French Polynesia,-0.25651267584536924,-0.06194662578606748,1.3621052367953115,-0.24275517862269363,-0.696600897221995,0.46391704365124875,-0.067652489642662,-0.08260433455374099,-1.2251710173395152,2.069167330063059,-0.3354039181836685,-2.021361163264732,1.9812982617864368,-0.04442201846222081
French Southern And Antarctic Lands,2.016306205145732,-1.1325931597753858,0.6518442027816378,6.096309832964638,-1.3205409080607262,0.24804397421565247,-2.521650145861658,-5.0249130393907855,7.8379938959003495,-4.998011198482385,8.95344530507735,-5.461209890775782,3.775561253204926,2.7825065156148585
Gabon,-0.6646633562635916,-0.23942835632095316,1.3067584978396505,0.31442214444626576,-0.2358301220295434,0.4513158909465239,0.7703990520219659,-0.37430480335750765,0.25668050923818697,0.026862553269093287,0.34348310434460705,-1.9431558357453633,0.4073848185975248,0.027518625411113586
Gambia,1.1033054129514752,1.5179724733864803,0.20416699573237718,-1.1185871706925348,0.5098260333054696,0.8194554586307224,-1.4950766183068243,0.6657242227795489,-0.06639657558192458,-1.3655619677027802,3.0184079068159524,-1.8068193325328958,0.06776864374318749,1.4935810611860538
Gaza Strip,-3.097519466118581,3.4161738015098253,-1.3420016942214281,-0.6671870506552653,-0.35527284458156994,-0.48313389532926176,-0.20812218732667934,1.7349037046944005,1.1893268697491979,-0.5249482359628251,7.278678622299656,-9.385545423072369,3.6862722047518606,0.9823413413453953
Georgia,-4.688219738974684,5.913150876188076,-6.649428346895829,-4.360380911000047,4.702096445979816,2.1143885087188132,-0.10357465342327901,1.2991271212725428,-2.2814952191827653,2.6158652856234936,16.23031624863687,-23.226174481531828,14.824265532580554,9.188321640215245
Germany,4.1542152812064,-9.281051187159548,6.016409222166216,-1.4846776425013823,-4.643161211610579,0.8284165278302051,6.327311235062709,3.0032969297341765,-3.554221888805543,-2.9350249770971386,-14.426141928590507,22.606858950347554,-6.0330122629100025,0.08760363419612494
Ghana,0.46460319752702417,0.120507354313042,0.44845652140707926,0.4832533993485698,-0.4273581879044248,0.6760083893127548,-0.07095110713921653,0.1670800866520439,-0.9404823667097104,0.6933321965567983,1.3695564741707331,-1.2001073921603669,-1.160336597251792,1.6056012756832272
Greece,-1.9936844079914275,1.6477031050616893,-1.9411127791232219,-0.9585635948535389,-0.10933317534778271,-1.8137899799426298,0.2460132671440693,5.722752969017039,-0.1761667158897361,-0.6150763784718125,2.6013975787835655,-6.77966964444787,5.09894286213526,6.945353658156431
Greenland,-4.855490273954466,1.315644267447163,-4.409988776123946,-3.3540588075007967,6.427784185569648,-6.64646892791428,5.962902768103604,-0.23469606372826554,1.8492849821855708,-0.4226587246440457,-10.221995505228682,10.471922639850757,-2.341187430856124,-8.12353739063035
Grenada,-0.9940315626261114,1.163072226938531,0.08724998939670599,0.6731764606173578,-0.8722241264229005,1.5769024285935307,-0.5888395203287186,-0.5502757386069905,-0.823940173728125,0.9614330438172173,1.7452891370380936,-1.5896497849140674,-0.09278645558751984,-0.08518349882550989
Guadeloupe,-0.8390400394842368,1.3323586138244132,0.32295398519694735,0.564880123624921,-1.260646115366033,1.7291323829422427,-0.5398216952582019,0.0797984935750031,-1.9017678619795535,1.1280014891108665,1.807495030309005,-1.7326165824966977,0.521590344599227,-0.5911798889021083
Guam,-0.3794149276815687,0.412396142883134,-0.6867186084435545,-0.5114545133884411,1.0309183823169894,-0.2931415761880901,-0.13410682427754633,-0.09752511043732584,0.2986390937428678,-0.3517208549242727,-0.49962421686488523,-0.005504502989225063,0.5235682152501093,0.9758167807021219
Guatemala,0.04448066158755807,0.6640677797301314,1.056488571196349,0.6723705695395009,-0.8165292470982368,0.6317079576293549,-0.584593863852282,0.04305230329823804,-1.4124175185954668,1.9497134340010995,-1.054027617751411,0.562531002529441,0.11474549588947344,1.8582840050597873
Guernsey,-3.452744982888166,-0.357272701848601,3.104191078959012,-0.07826270407849456,-2.330649884897773,0.8347047502161744,1.1383047143519116,0.3316307343056509,-3.811711146852754,-0.24656544257791366,-6.577835230945138,14.003649357561004,-6.81364997432458,-7.219892365385197
Guinea,0.49241703563006983,1.2296633828578607,0.8609594816491486,-0.3963190415427695,-0.021141182076079828,0.390405554678873,-1.4587204129687792,0.7532373894151224,-0.1124100719424383,0.1442370178758705,1.0316294617420219,-0.9559258945943622,-1.0622682812638233,2.392584682086466
Guinea Bissau,0.5116651677875014,1.3732723397238145,0.47565541942929324,-1.1929532112897494,0.6180912299014297,1.1785283474065011,-2.170440049119522,0.6072035731477425,0.23772102756051391,-0.9906224698191117,2.228087573422837,-1.5324138054544691,-0.034859787870619656,1.5474046176518688
Guyana,-0.11416497153759868,0.6949290073660559,0.1169557637556342,1.4867036019755677,-0.4894397057189629,0.7324984959281282,-0.9134289760482509,-0.41882474297273203,-0.33603219918564187,1.8129281089948313,0.0535024091458304,-1.59560900203756,0.43753767165000707,-0.42039539555100625
Haiti,-0.9369898386726312,1.5608600708684535,0.8733206854533483,0.31070716461367526,-0.5731497628135671,0.010731850906998025,0.15329570434776404,0.2424487321951804,-1.3232190900234964,0.8095913049398686,-0.5261832984386238,-0.21757378991938914,0.37671307021152767,-0.05001936067657982
Heard Island And Mcdonald Islands,8.639030972479375,-1.265164644714045,0.08483997425546624,14.027651924819494,-7.164829530889502,-3.5040728979704694,-3.562639500944307,-7.246075784101347,18.24754470712433,-15.539864188512842,19.56500848842051,-11.6698368473223,11.264444511843736,4.470492026713903
Honduras,-0.2584047636356415,0.004306860497463125,1.1044964999983446,0.4567631417702562,-0.3320449467521337,0.6381579162671138,-0.14243115014776978,-0.8069584699702756,-1.085682581475425,1.635943629810058,-1.0694820441312118,0.9054359163948771,-0.8387554753002424,1.8675340698783311
Hong Kong,-0.8419343120285454,0.7172668433793945,0.98710839291763,-0.7694670937167796,-0.7241889795163147,-0.8194458882528172,2.077829140207394,0.15154090188081076,-2.84274906314078,1.963110265301888,-0.8878928247696452,-1.6231825612294322,1.97131960558969,2.0389154498858786
Hungary,9.810730486469579,-10.055981311073774,8.631270538860532,-7.296716113277673,-2.7025751916650376,-3.5777206678627644,6.904644165248828,10.143552673874366,-1.5047655654971661,-1.3008318096738554,-9.078661228793397,5.113791937120493,3.8307131255554476,8.92388064106727
Iceland,14.167458271135846,12.441063433575025,12.724197469960183,25.32041262894652,-11.746071339486143,-25.372375003532966,21.91334646265715,-4.51382416899657,-9.701662491459802,6.532156368221938,8.62080627705627,-13.488183827879324,6.391938096095042,18.544704171036162
India,-0.6562628836366855,0.3425449696573887,1.3468572765210147,-1.056008242015551,-0.06220440231372285,-0.5649239720582424,0.9661671401112222,-0.3322270330373806,-0.9895232911537637,3.034772870059213,-0.3810975609755882,-2.5358437843052433,0.9225665302556341,3.134701883729559
Indonesia,0.21715422733275114,0.532640963717407,0.7567485448969293,-0.3147498963398307,-0.04033452446229471,0.0715596214590699,-0.27217313235360613,-0.33609092143875374,-0.8665143241093307,1.495285869116925,0.3099603099603127,-1.2614462825488926,0.4573398594904344,0.5505516597280362
Iran,-1.3875899867330728,3.0793321717650852,-1.7018563371361886,-1.1871541820302973,1.241067573640191,-1.7924359984160132,2.1548209854661593,-2.454205939889733,0.8777819774551453,1.0821699822356545,5.131827973869896,-5.847388025651038,0.23393616318257926,8.340512315617401
Iraq,-2.1474177071509652,2.297854755569732,-2.6427596959657182,0.27880195234163146,-0.7861697996102063,-0.36364035456762184,0.9175591970714303,0.48316912374663035,0.4482583822144821,-0.5194327693228125,7.184294343369187,-8.345052805235918,3.6987448316053175,3.4640241581806173
Ireland,-3.1307271829033256,-1.0627709366697113,3.9666769207745456,0.976425052779724,-0.7919600218580853,1.3091826389609564,0.7414761758425236,1.7692608525615903,-6.307642646335465,-0.01476559616094556,-8.851641274295046,11.743685754919092,-2.992468484433534,-0.6086523291538569
Isle Of Man,-2.51530486983931,-2.790618323029328,5.544226783445885,0.479847968960342,0.20252805446978916,-0.18638962509732518,2.338554634561445,-0.13473561023681907,-5.295700375455834,0.5682188212308698,-11.574576243746886,17.635642948031403,-7.458911784847165,-6.85718850646237
Israel,-3.1674551067784473,3.4568409779004488,-0.9623462615017703,-0.5515799630135941,-0.5991074027360044,-0.257436372953318,-0.13985557770955034,1.4327712220815696,1.1037803066593326,-0.47141076839160534,7.1034535177236275,-8.874106389177323,3.3191925402192965,1.0296620423448768
Italy,2.6338734287582835,-1.2123464656118281,-0.14511707902612137,2.6045404526099385,-5.155540530300843,-3.917821015499208,5.823733713693631,2.0743677771867994,-1.3648744670772226,1.236680174095741,-5.1804192486731555,6.365893470253072,-0.6644010395230273,0.6108388379856419
Jamaica,-0.2496639742736063,0.8827798119213104,1.1147276999846867,0.2410426870858412,-0.5985405954616663,-0.25584953816991696,0.7421899260915473,-0.07490521253969028,-1.452646321186299,0.8965184781724194,-1.2617816965643163,0.4499536535168481,0.9177726964186925,0.8936182083621059
Japan,-1.8826332655882392,-2.9907925665233965,3.1111111111111036,-2.5732239302035764,7.425175235201634,-6.547870097005493,1.6021663093760634,3.410523565339501,-2.404836203302462,0.45760813985851095,2.1783951651353735,-3.6156809826782874,-1.350971194546379,3.1759821736477574
Jersey,-3.452744982888166,-0.357272701848601,3.104191078959012,-0.07826270407849456,-2.330649884897773,0.8347047502161744,1.1383047143519116,0.3316307343056509,-3.811711146852754,-0.24656544257791366,-6.577835230945138,14.003649357561004,-6.81364997432458,-7.219892365385197
Jordan,-2.7928423060447654,3.420178512781482,-1.9680829682035506,0.04223492459221099,-0.37462547699169585,-0.5817421820680241,0.17835786616124344,1.3206378056840784,0.6506928900793927,-0.36091431626787496,8.437202722150374,-9.50827784775956,3.508662904869595,2.396104753785386
Kazakhstan,-3.06907509616991,0.7641396650110186,7.170028254461393,-16.026204362067563,20.575723391820773,-5.331620000901769,-1.8431643369133017,4.153424391664047,-1.7644592485616297,-9.20246126121855,5.138081869817866,-15.108047690014914,6.656426011264747,47.10513682189145
Kenya,0.5945456457077885,-1.0451786918408468,0.8316865417376158,0.797118344534903,0.035199463627231774,1.0720329753187774,-1.2476624978448718,-0.12624185387503664,-0.5607382381120727,2.3462036464196867,-1.0576837320843024,0.018027943312148725,-0.16155466322194562,0.039451028902906214
Kingman Reef,0.538938784976841,1.344070518171372,0.6631224260576557,0.460592283591528,-0.35185717205162936,0.45177723815496007,-0.293222159428819,-1.0383467169963687,-1.0612362397632196,1.7966903073286042,-0.5013874498314722,-0.6313886960476989,0.023789878159681067,0.5941538989562128
Kiribati,0.5339933482867836,1.1558665768069867,0.9698606966082044,0.39470314406666107,-0.3004156600291169,0.47109607349700283,-0.20882706302861814,-1.6594009703607588,-1.2251751667709752,2.6155063486764845,-0.48615336421742256,-1.3475391972879793,0.6547458334356011,0.7786637891618061
Kuwait,-1.7168568074971486,1.0565126866826935,-1.0054493101604804,0.41624426400874387,-1.2875873933431516,-0.6404027209150448,1.2573150983630232,0.06175263477908175,-0.24432621981131356,0.7103448932261764,4.481505049805019,-5.612306430604494,2.2542724804344774,2.240969425848215
Kyrgyzstan,2.834939497137878,1.0621994398351429,-1.5059610960050211,-14.157287463721973,24.414529562134106,-10.163874666534097,8.836711732482378,2.7640319956616426,-9.413083988852085,-4.989896415503074,5.669668518873375,-8.576764764546962,-14.86741109502369,75.0984320760431
Laos,-0.4257689428884796,1.34220444581188,0.2704744687971053,0.46035541640144984,-1.9240846213649503,1.9024671311089023,0.3608475290682868,-0.7979758660957678,-2.3921880431901767,3.105660151139537,2.333901075974904,-5.307977674542974,5.4932798735035195,1.917414986015023
Latvia,5.46027875789792,-12.776079586505862,5.785576837302947,-9.25660454638542,0.9053858510228625,0.6380823323554158,9.351060213872984,4.423350508685298,5.52508958521756,-14.604059757195714,-12.931954466917347,26.862971123400385,-16.589029594101845,21.16450634307774
Lebanon,-3.1829237239768613,3.729685119349934,-2.0231428658859056,-0.659007250418314,-0.42982645251696194,-0.44115458002355656,-0.42634552563734157,2.407040023296835,1.0770365499284735,-0.5534406512928145,7.514134033515001,-9.902724215338822,3.98329834808798,0.9961864053469238
Lesotho,-6.195699331427366,1.9887694414961465,0.37616060371744003,2.0677911125526793,-0.830221657265413,0.09327343995879755,-4.617020546770487,4.472494935328032,-0.6718147604185624,-1.182328036827214,4.556772617280236,-5.902773895640722,2.5635237014549395,-4.2600702047057935
Liberia,-0.11555446832068794,1.1359351888552782,0.3157639831507255,0.5749079670809792,-0.3919240280062945,0.0282179567662626,-0.40983736461577336,0.40738642512046125,0.028845117567612114,0.7475385731805207,0.14625953045974122,-1.1008407848162653,-0.9339828764513105,1.224887561027999
Libya,-3.6233438729895346,2.5315578003145682,-0.016016628819981754,-0.17265131909165568,-0.38762177813915166,-0.09343418975373013,0.2511824566432693,0.0461074912163358,0.6366332035296997,-0.4025673430555209,4.859244790738465,-6.230985992093582,1.2281592111940858,4.483469890563225
Liechtenstein,14.112061064114314,-11.697939298176294,12.083028884150268,-2.219147464211622,-11.335310765211702,-7.686641602087032,18.515193829376976,5.690520941453717,-5.366882987617958,-0.8203963145273265,-17.742710896185073,35.38178567745043,-10.467640971596165,2.1492490746386927
Lithuania,5.592637211170043,-12.176746289520194,8.225174088594988,-11.364398256788458,0.0732028695524719,1.2532917194967443,7.2388383181621325,5.820533548908643,4.0913335030982,-13.2012965832178,-10.854579404131373,20.695560532209154,-11.93734992359746,16.06906039686179
Luxembourg,2.3753438517722163,-5.431115023202309,4.97146449595442,-0.12522556157054288,-6.7052419260632155,3.255507233069286,4.096299829421893,0.2920070827249945,-5.881988539569483,1.9688343316000914,-11.555064266522516,20.77069041015913,-8.364303843364777,-2.0674135074313096
Macau,-0.8672664539318571,0.7044607369407548,0.8701769576275948,-0.5407783345314916,-0.7778197313771008,-0.8168975290118085,2.1767250829471974,0.14698256593652262,-3.201731205987794,2.1422510790570657,-0.7714616959877373,-1.7660269126195227,2.170151432625984,2.1505298354282796
Macedonia,1.5356292280942792,-0.96270074253151,-1.6513374889208672,-0.6507944715711407,-1.3301906433096402,-4.598991733419716,1.9202211690363156,10.724554564406976,0.15398721906084206,-2.3502854866551632,0.8344903597039898,-6.108224739516785,4.663380856628805,14.926510418547567
Madagascar,-0.4223733324793392,1.1431368905533075,0.12966227746315323,-0.5176246427437476,-0.17982358136217186,0.7198794752625906,0.16651261897537586,-0.048250649798907086,-1.3425089060138014,1.2275569937175543,0.9632211809867866,-0.2907525318534455,-1.8989071995850568,-1.5683948782439747
Malawi,0.11603290416529286,1.309421927828283,1.0239218137394126,0.04274658027359039,-1.6532859573766583,4.322937905644653,-3.108126867689084,-0.017343699335657995,-1.2482087638585013,0.8813533432619102,2.661084571766023,-1.2717176484469581,-1.9084325830317561,-2.8237305300991213
Malaysia,0.46668592672079406,0.4879019898438054,0.9260977166738225,-0.6309472621562082,-0.002822015483485128,0.27687888821996876,-0.26986037930547907,-0.30602134624309935,-0.9142774471939724,1.4775479369875892,0.6180717163375943,-1.365642874906709,0.688966141064703,1.3174822285451406
Mali,1.2425074744363998,0.5505940469520283,0.39462087396582346,0.008495743632432419,-0.010194026300588242,0.3406851084075276,-1.6538955449247015,0.5656397526222989,-0.863805767836898,1.6960325159255034,2.3306565975357367,-2.2916810732314414,-2.8360321594383504,4.685597077110436
Malta,-1.1734368175251257,1.5324465598572439,-1.7972844012121518,1.047216373571109,-2.9631473053286057,-1.544420005737776,3.847665131721255,0.7580266648527377,0.3455710783589935,-1.2055437351252054,0.4349843158786445,-1.7845261957935856,2.6699804109387966,-1.9758352595082807
Martinique,-0.90160648186997,1.2444410991726824,0.12452528606739101,0.5358446669224287,-0.9244214672574971,1.8247835107902899,-0.6247121230145982,-0.19951931193461997,-1.5861201416036104,1.0719553966547601,1.9900682114741288,-1.8154146530763426,0.4613189894211765,-0.7015564872075479
Mauritania,1.7316690335600575,1.8438461561068265,-0.7900941014194567,-0.31907807668925686,0.24306548470118022,0.4331385956179604,-1.0494830839325686,0.004979408680564338,-0.2000451053385369,0.1279567999060805,3.311780430041987,-2.519327611887362,-2.1167362738107514,3.864748663483211
Mauritius,-0.4352034290850062,2.032767306296893,-0.3868847103979289,0.4973543889133949,-1.0706820074438153,-0.40679596639807336,0.6782327311114086,-0.14562923823913848,-0.39257134229200963,1.6364187578375649,0.3426909544502547,-0.5948741508433472,-0.6048907798333496,-0.25283088536963905
Mayotte,-1.2225301920411966,1.5736959462845221,1.2795333249058776,-0.8472176981128762,-0.4918576376096012,0.9534035581391053,-0.4208538106066192,0.38795021714777095,-1.2544370014583746,1.2013276528286962,0.783525466872277,-0.9574490691130075,-0.8039526394350757,0.5997404523544732
Mexico,0.49025408019184,-0.46666797495927664,0.4353380968154181,0.49195131527288116,-1.8968326216141314,2.335343172785112,0.02140394299549267,-1.5816074423092679,0.02806856636831079,2.1855720626188306,-3.2171353648962038,3.5794353307890674,0.24576375814068355,2.617747313297088
Moldova,0.5723245785966096,-6.44683504833176,5.402049829180904,-10.555524811649663,5.021168276752002,-0.5975324434868912,-2.548428610132748,18.42279022084758,-5.409846889741536,-0.11633949415585627,-4.7172375235862,-3.4732861753104993,7.264913969234941,12.967233630589273
Monaco,2.3632421614409336,-0.17270312983689495,0.47330711103130685,4.54102434983191,-7.345023424207361,-4.224419121408025,9.838821232522884,-0.42005754868122075,-4.195082124675824,4.563417466643276,-11.561049275686578,16.260706154457775,-4.427969723815307,1.6424900800104045
Mongolia,-84.07884761182714,328.76190476190527,46.057307863172,-95.76458064025549,2249.7307001795234,-112.82090464547672,-780.7508939213393,118.04254574104873,-46.25205765447464,-49.3986703518339,-156.4511366991437,-71.12970711297058,548.0978260869542,-570.9014675052416
Montenegro,2.7795886919931427,-2.820464767616189,1.6191599356192719,-1.2167350335021836,-4.052047081772445,-6.4271687651611344,4.296801060003765,9.793261264104842,0.2810099108098506,-1.419029326606076,-1.904007211818071,-0.08670970036978486,2.645086636600956,11.60736222919167
Montserrat,-0.8248863818309595,1.3545777151319693,0.3715661528659236,0.5710030549121072,-1.342477392729231,1.7061602627984858,-0.5183525220541585,0.14774326719337438,-1.9782354637485469,1.1405372261688969,1.7630074617040308,-1.711703308771537,0.5363210579483912,-0.5672579790635174
Morocco,1.0711369204246135,3.6026411588061933,-2.710489716516403,0.766418319223735,-1.9622401357658275,0.5125500378665002,1.1432082486803063,-1.987424507134685,-0.20358674605040553,3.4195279845502524,2.2316321028891575,-2.861675671040252,-1.1127982837922545,3.4094409106126635
Mozambique,-0.6696011461079895,1.382371282351436,0.7309002065213915,-0.020127039141973235,-1.4357903500421627,3.161965029372978,-2.1355346386805514,-0.32505717646007326,-0.8005008720540219,0.211536727630843,2.177689496705596,-1.2337902048640204,-1.2039392921070413,-2.1723964389219392
Namibia,-2.0881940751035626,1.0443595070813443,1.4616670459807188,2.2891198162206883,-1.8012023138871125,-0.7850580996896681,-5.08562713679775,3.9189310742409416,-0.7530481927236712,-0.21327793921180485,1.9831952803766009,-4.870143782600395,2.1846399541368964,2.26436643423898
Nepal,-4.172263307810899,2.034883720930214,0.37469999946549715,-1.1401397350147118,0.5273562698297342,0.413670413991911,2.8165256091443993,-2.4845333001162806,-1.5839476275381286,4.334564569599112,0.23014243950985275,-5.171486492077275,0.9107368788447012,3.4463191344480846
Netherlands,0.1563510080129559,-4.723735758994894,4.126098875129946,-2.8656589956576215,-0.6760229910123006,1.845840194464047,4.320778540851832,0.8598039794532568,-5.2143625467397365,-0.8098197398386643,-13.473063213112695,19.552057566899027,-5.758697484049594,-5.57249836337799
Netherlands (Europe),0.1912625661838636,-5.085166647266522,4.333998299430953,-3.0420098265850752,-0.6352490483387188,1.8829557932408665,4.573686731598292,0.9038926932795864,-5.438327041074956,-0.9313117574109018,-14.343285872347991,21.07655028709895,-6.114550480862831,-5.916408848485845
New Caledonia,-1.1309551191996912,0.9262805255603909,-0.1262478500629497,-0.883431748861065,0.4553254448468493,-0.030669158238591256,-0.7120281386671418,2.3673337405238484,-0.3365868896072029,-1.6445978306804128,2.5536181030470346,-1.4157432040834776,-1.3478912195830188,0.7278477604546182
New Zealand,-4.277092438301487,0.6792266112889394,-1.7290551257325266,-0.6122557228481906,-4.161234494483961,8.59154369356826,-5.903813047141123,3.5625866122728507,0.7803220519914081,-4.637475757123675,6.403166383767579,-1.521734336060688,-4.535716151956947,4.049795516214047
Nicaragua,-0.29730410682793057,0.10866269079145338,0.9652278177458161,1.0025657933801901,-0.5705675042622365,0.22374845569996904,0.3635945873775966,-0.41951162164754047,-1.6201841075938646,1.4899166935091368,-0.6076918289875012,-0.018470573871324236,-0.3084216327246443,1.280114411468799
Niger,-1.036185422654568,0.5081767001280918,0.11262062261419438,0.5420431266208101,0.24497463393665292,0.9334457306166161,-1.2059236927339243,0.4271074808611674,-1.7967812801553356,3.401260987345319,1.5580364235063304,-2.7730454295945335,-1.455613443362416,4.127223018763738
Nigeria,-1.0818722366214324,0.22626247680347933,1.364044584420063,-0.12834867145471415,0.5122315797148981,0.5625177581506274,0.2542869595274791,-0.37776465262140557,-1.3160547849561204,2.1124827695573254,0.36316394642136984,-1.3640786666309375,-0.7759445133301575,2.181699326532775
Niue,0.4772905729433734,0.005166807139214545,0.697160017437089,-1.1541026923718192,0.5975766030268034,-0.5459758067897114,-0.9134418957567201,2.0616734898241633,-1.4326160633839362,-1.9846523686684738,3.5953243856784605,-0.11276954965866275,-0.6805884748980927,0.9374586249100043
North America,-6.551414906337164,12.864530575251932,-11.679263108171977,7.821901323706376,-17.767857142857146,32.09675473519123,7.931869035115769,-18.457014723303423,-14.932420162399174,7.044615900704475,39.25244295034332,-18.177540457046998,14.189628444266617,33.32165509791469
North Korea,-9.125674261331602,2.6854928017718485,2.5710434079266804,1.6223490941971608,4.837975416959817,-13.44741828517288,8.645184830448569,7.189034885185311,-2.48203340709264,-6.14664805871546,-5.492260128159876,0.15960517528271903,-3.522670765336111,19.364625675026673
Northern Mariana Islands,-0.3794149276815687,0.412396142883134,-0.6867186084435545,-0.5114545133884411,1.0309183823169894,-0.2931415761880901,-0.13410682427754633,-0.09752511043732584,0.2986390937428678,-0.3517208549242727,-0.49962421686488523,-0.005504502989225063,0.5235682152501093,0.9758167807021219
Norway,40.41153871198802,-60.90525437091312,95.12455516014226,-6.377287373092575,18.824675324675315,18.520137712443336,24.861674658797437,-22.381831610044337,-6.227698748751124,-15.646879756468795,-115.5539516420065,-1083.2559938128386,-46.12026585912618,52.003649635036595
Oceania,-1.5285510688836235,0.39250799874954695,2.771797631862237,-0.10586166909814015,-0.7275872786438334,2.6623513790814144,-2.6928814456095824,1.0161120404179138,-1.080650707973866,1.8297037784403354,-2.2232118007236448,-1.4460081067540898,1.0001001255419961,0.6169191408886698
Oman,-0.6773300449972337,0.5762992100134293,-0.31750741839764096,0.98175215074573,-0.5088023394295655,-0.18281373147416416,-0.10300250827433943,1.134492984447521,-2.154508808424133,2.1280812436378578,0.4098673958425147,-1.082271364317853,0.21639511201627065,-0.06099740354875096
Pakistan,-0.1852444769701982,0.49452018176957,0.43356829365604627,-2.694225632410884,3.317456305772052,-3.9320028451321885,1.7134865573179645,0.24957345277938628,-0.7180424985881076,1.7471422711688414,0.8055161502565451,-1.4472467978344432,-2.619640990892674,5.297079913199361
Palau,0.08825407535030735,0.24496748312464017,0.15580766309520042,-0.6195634580453391,0.9386074708570378,-0.6101587548219706,0.34513340849305935,0.10186563922183756,-0.7793770371101949,0.3300061235140032,0.18340183341702934,-0.7718786481920066,0.6091198611182551,0.35757767055960443
Palestina,-0.9019610557720839,1.362112321877602,-0.8841568465301902,-0.759245482419831,-0.20632640907978758,0.06142915813973344,-0.5644504939380462,1.9538044149347185,0.32700659203764665,-1.10923326320148,3.7382199683308373,-3.666384249172925,0.09632600069103305,0.8028158701268946
Palmyra Atoll,0.5138003858074051,1.3531254074081096,0.6506287915953537,0.45294189326147055,-0.3577018322973274,0.46439536554803795,-0.3070820993893703,-0.9910852724669353,-1.0513109197398383,1.7572846970673424,-0.5073455064533068,-0.62321777650248,0.04812478757418737,0.5800756999540213
Panama,1.0845056653516343,-0.17220832215434873,2.0294384199506057,0.15222798054423572,-0.5229661662298619,-0.07716642430464947,0.17260476278383963,-0.266600323728963,-0.956229039182277,1.7502674062834136,-0.8822351995648545,-1.1835979651610822,1.3974559375497206,0.49847687621156833
Papua New Guinea,0.08895190577789132,0.4517146446422047,0.16630301740196668,-0.11754705202618743,-0.6299825134141476,0.5011592234373965,-1.1774104958306306,0.5807294824635781,-0.42901350337582217,0.029262287638193364,2.2548907524596484,-2.0210191250361538,0.05537693231932703,0.9078467612361262
Paraguay,-0.30171852966723184,2.8026933509221688,1.9381799841487093,-1.9999461475288423,-1.8930781753364063,0.0654638128645086,2.336263866974996,-2.6661516004088743,0.38634447878618394,1.5544748443076304,-2.369575178372712,1.5925331263122473,1.9767417627076165,-6.7359471914819835
Peru,0.8180621478076345,-0.030479893567482576,1.5339357007774383,-0.24550383067132572,-0.20746297192739707,0.036687225100550766,0.4421226778372578,-1.7006637132239786,0.1721007016095697,1.466728741703284,0.2992565282182584,-1.4594314492295999,0.8672645629372918,-2.3643695014662955
Philippines,0.3119690259324239,0.34987365673509435,-0.07778607905895531,-0.25230924497997576,0.2776252552610091,0.20118248543426828,0.12433534316555184,-0.059177584879977436,-1.0538620131065553,0.4948699106071293,1.2875457027815242,-2.0857322147691835,1.3551897607884722,0.9865341465436088
Poland,6.498800959232634,-13.389222801517336,10.047397156170632,-8.571246842459143,0.06459884119615539,0.3337107442941478,4.530696283977725,7.0246877337853855,0.5423962766663355,-8.620082724632582,-11.92083594163819,17.454104114501916,-4.623906162725736,8.434599279669696
Portugal,0.745572651064374,0.0958227765867677,0.3596674833552336,2.280688517875797,-2.2256177880815327,0.4726081286442304,2.997162671701287,-4.758606683295925,0.18972842044253513,4.672560576293385,-1.872243250852424,2.4366269771692286,-4.196642063932524,3.2294565417474317
Puerto Rico,-1.021331857685235,1.8759816182886273,0.806044860631317,0.10824962867859744,-1.5509480460694927,1.2650306199991206,0.0854469094073178,0.6259706956245356,-1.9516990488832833,0.9183217319113532,1.1399878502543928,-1.5669823155300047,0.9486731288733831,-0.7040575923098452
Qatar,-2.009311443273725,1.1169459031424722,-0.4245321902563784,0.4952309993909179,-0.6519545397041896,-0.4524927077009488,0.2082360325681036,0.352671905289176,-1.0829919093611886,0.9228910474185748,2.727649865173183,-2.520227879137523,1.1469559504997846,0.3133283013568902
Reunion,-0.041507380640130376,1.6414436608660128,-0.527669157960852,0.2139819979015778,-0.4611453210452886,-0.7290026814289516,0.5823963641179584,-0.09321214599308257,-0.39920921198667025,1.4134534020036624,0.4323073330861387,0.027009747441788714,-0.8305818174361115,0.37689221606421225
Romania,3.7781191160439778,-7.960721589597881,7.823590949568975,-10.127333376098518,2.334005460288003,-4.551081971786803,3.7907159429291926,14.778047664308088,-3.747891427695143,0.09240671701242328,-5.911753470011492,-2.8692268651666115,7.650573030968022,13.051216296020673
Russia,-5.881946960677741,-1.2099435359683346,-8.18920724465558,-7.035876705406762,17.23920511371045,-22.15381191699273,36.16027824761175,-37.53761634823985,11.103330438923184,39.42266481784958,-1.9077067737152544,-24.753442586686848,14.703936892133573,-41.99718075222653
Rwanda,1.2519969586426527,-0.4649063226416146,1.4546379299383376,0.7373614575108577,-0.046862299487417484,1.7309838643426556,-1.3201952763356006,-1.9817816609768921,-0.16571161119756928,1.480786937313653,1.2206998734767411,-2.4341604818979996,0.9389552647659962,0.7237602969358446
Saint Barthélemy,-1.0672436649549844,1.3150234264538743,0.4733932904026173,0.5053576994422957,-1.2407829487939912,1.4572815297187747,-0.3464668197170418,0.17670028796719667,-1.967365097329807,1.209143804596458,1.4103991529717288,-1.1762875741910617,0.40291820548526275,-0.9994844288466747
Saint Kitts And Nevis,-0.9344678497813181,1.4910461111005457,0.4300228449636313,0.504731468544525,-1.4406420191899851,1.7626473323113414,-0.446380337038776,0.3358212426316005,-2.1228397656191755,1.228896109021911,1.674989628788604,-1.8142829532869695,0.689568980331499,-0.7053267217357161
Saint Lucia,-0.9154029816157147,1.2660759953345302,0.1516463813040445,0.5273794279541482,-0.8321963705733756,1.7559772931346487,-0.5976596152005587,-0.393312188163892,-1.3580101450457567,1.0523607674025366,1.8582166454506752,-1.6630414406479455,0.14070357840973063,-0.41124409648675847
Saint Martin,-1.0672436649549844,1.3150234264538743,0.4733932904026173,0.5053576994422957,-1.2407829487939912,1.4572815297187747,-0.3464668197170418,0.17670028796719667,-1.967365097329807,1.209143804596458,1.4103991529717288,-1.1762875741910617,0.40291820548526275,-0.9994844288466747
Saint Pierre And Miquelon,-12.942369778459467,-3.083262290423428,-18.275912622782574,11.947474167623414,2.1793474777257686,8.280534470861326,13.63478361624469,-23.755385046776624,11.502841858910083,-1.4137719074676722,19.868304997110624,-15.026071070626571,20.04210274862267,3.3460608849586895
Saint Vincent And The Grenadines,-0.9447123403997023,1.2791819114247827,0.12878144337999523,0.5159728155691389,-0.8845756439830601,1.7576663040216995,-0.5768606510752515,-0.37382505706223546,-1.2086663178972845,0.9541113525555721,1.7702049663413895,-1.6618036938845324,0.26026056178932694,-0.3612857868218612
Samoa,0.21657684121432333,0.4303545923120079,1.0493250805389436,-0.7857055439970709,0.1298292791237094,0.24607860348081542,-1.0666928833888332,1.1710452766908803,-1.7609449002581177,0.21433883032235865,1.6212508573922817,-1.6423268086150462,0.7901131362157323,0.9278286704630049
San Marino,3.71806926813977,-1.9513142770801555,-0.020914169349713078,1.4466824840220698,-4.7551347098244445,-4.6364558288989475,6.031639822205226,3.9272030651340826,-1.0615342911357892,0.9425070688029996,-6.096779797190176,7.213508998098062,-0.8217449678904929,-1.3850001359175947
Sao Tome And Principe,-0.35922524024974395,-0.5065740068985252,1.3026263608335442,0.6500415155217711,-0.3114727359413845,-0.28318361310825213,1.1002950317908482,0.034643978502039215,-0.428375760109589,1.3573980071442024,-0.7029974773705255,-1.0548010884252228,-0.34391617633175825,0.5282318284146376
Saudi Arabia,-1.1049005991579894,0.47573620255537874,-0.5316963229526216,0.7110487969755541,-1.1100062150403898,-0.08861570949130254,0.2380907449692641,0.46689237314993204,-0.7676667988794182,1.3218645844152217,2.6179360301677486,-3.250383671196021,1.3278143312589694,2.7857114185761325
Senegal,1.4176601644900564,1.4381574757605056,0.14457026345195714,-0.9455394578677202,0.5153142691247056,0.35699328471369074,-1.1201257119504007,0.6499422241238266,-0.07200652396456718,-1.1193651914467888,2.909990195648067,-1.7999135449964188,-0.48421802553731175,2.3254866468583835
Serbia,8.003389131878441,-7.444943883753143,4.58391239939522,-5.413949956557,-1.6580982816914318,-6.536209359644577,6.56667030595189,11.08125147765781,-0.6775404218487013,-2.178633675247847,-3.677361879865082,-1.5419604275642422,5.809387415688828,12.154255899753284
Seychelles,0.15630661892505548,1.0617781334412917,0.2302693453554635,0.5605784976375069,-1.5447362480246833,0.7728688782700874,0.006370953306984388,0.8824725004702219,-1.2115434925770943,1.33111328921654,0.012916985836381015,-0.047456283151805626,0.14754492457481114,-1.1556661095624885
Sierra Leone,0.09551998692881326,1.0544258260558592,0.6184747189527908,-0.0009261774803077145,-0.05001404715522142,0.18409436998644116,-1.1500171115146676,0.4478920068743468,0.5266279355004667,0.02316638094799992,0.7121240195170366,-0.9232627880022165,-0.9278430280240708,1.0180652698856936
Singapore,0.2951872449498814,0.342602673161963,0.7971876225970879,-0.34390174930746625,0.06163384613504741,0.6034566877271857,-0.6007462347274882,-0.7260452337463401,-0.22975795552275807,1.4987131017326754,0.47379276874545373,-1.1641035858979305,0.07850060784518814,1.0961625916012059
Sint Maarten,-1.0672436649549844,1.3150234264538743,0.4733932904026173,0.5053576994422957,-1.2407829487939912,1.4572815297187747,-0.3464668197170418,0.17670028796719667,-1.967365097329807,1.209143804596458,1.4103991529717288,-1.1762875741910617,0.40291820548526275,-0.9994844288466747
Slovakia,9.29524431594418,-12.38399071925753,9.974622089815737,-7.107089759843863,-4.0237615985075355,-2.561715449067492,7.451466249488171,11.146179401993322,-0.8598028959005339,-4.211263733827555,-10.31660803554897,9.575126966431311,0.30710679026301285,9.156351546798385
Slovenia,8.455822150136862,-6.004155672348965,4.062385264961432,-2.88944261909487,-6.979472584698282,-4.35656454697099,9.477544005921331,6.893014508746427,-1.8727599217744644,-0.09335062048527859,-9.285200483503761,9.947845137662663,0.6260362684670066,4.136280007979912
Solomon Islands,1.0020652546375555,0.6733358396219835,-0.26565061630943415,0.015829287225467167,-0.7347279163128557,0.753350524156584,-0.6424223980523661,0.4190033967454148,-0.5032681931452184,0.7501371828317784,0.7244701114241725,-1.2705605147492094,-0.2046941978833089,0.11129506990436308
Somalia,0.7663775705012851,-0.8387389744468893,0.13889984047748394,0.9854872316712673,-0.37247410375293283,0.5373204416563434,-0.6440331867217299,0.7940621628625988,-1.511930708906246,1.7986375889453055,-0.44402563360880526,0.37172160118856756,0.05043376018000457,0.1328811496680195
South Africa,-5.176008555534595,1.6054817629971545,0.4561248047011743,1.739610850863299,-0.979282650360481,0.7470252633713416,-3.4055302701095753,2.2091206137235497,-0.16772071258138735,-0.3903041216300855,2.3295687502329634,-4.099129452903044,1.6778316376187679,-2.9223068410509803
South America,-0.3454503218458136,1.5324690949559496,0.7968835631656235,-0.1491528412514322,-0.33223202525403545,0.42894848557558896,-0.26318014239663834,-0.7816732451048768,0.07986033727065607,0.8892682836305552,0.1092590616964258,-0.9010465663217353,1.1105919696227924,-2.276186319777311
South Georgia And The South Sandwich Isla,-22.010059910934554,23.057963274863397,-33.13192682601148,16.689131845639295,21.138872251219304,-13.95020307257637,14.393597373281327,-37.499999999999986,42.48564867967855,9.322750896418345,14.144094343099301,-2.786297743195685,-24.19129857190302,17.162446333128887
South Korea,-3.5146834099526174,2.12519217515775,-0.19790929914156913,-1.3308973642120436,5.681376392833364,-7.545158092292718,4.424062584299988,3.0192456729526906,-1.9935429269974654,-0.6031918636261678,-2.3907279654036313,-2.18556537906208,0.22782114018413527,11.046402151983873
Spain,0.711725194027771,1.0182865370770382,0.2177966053377261,2.38259138102687,-4.004156409928686,-0.6448363886846948,5.609317012636681,-5.723474797402765,-0.08309147083606579,5.190507982243444,-4.824153615749046,7.54656277785576,-4.837016529509993,1.912722908093286
Sri Lanka,0.3965462104253385,0.7038044879670603,0.4801826742620303,0.005396476101093401,-0.6874139983032186,0.42562696965674607,-0.5476635626386536,-0.05621645147250618,-0.4185340421800146,1.1087356587123003,0.49767979696343995,-0.768674425137909,1.0143661717314643,0.8060572812002346
Sudan,-0.9484899318770742,0.9806391302632321,0.6477112199813655,-0.18514923924565055,0.14211132552468825,0.5001195028680878,-1.0823617543713762,-0.295414316324714,0.7016909304638463,1.8189273805889412,1.0573969280517364,-2.93246686757503,0.21906494331582477,2.5243554550837164
Suriname,-0.5104936539121305,0.8199778706278168,0.37245568927620976,1.0841048546215168,-0.16638731166517526,1.2286528096647062,-1.5945689448677431,-0.5068587697351774,0.04056945893970806,1.1648928595751546,0.6591247777672279,-1.2843858203805671,0.47640164323155865,-0.8538861628145933
Svalbard And Jan Mayen,0.31280462077896637,9.662354237976428,0.6798042586959387,23.183227365876725,-18.49805912212602,-18.815586318792025,-17.87222383392964,17.991640010204645,18.96715176715178,-7.792643543178293,9.73997422485027,-11.69399964077978,-29.01196902135649,42.34329542449086
Swaziland,-3.8675010317266696,2.746602885904262,0.2566595040758872,2.046318582716006,-2.6366235216655802,2.5980251584709655,-3.548886358042462,1.8070777934447169,-0.9907383804910997,-0.6573753046582844,2.4015618790925597,-2.011169414027564,1.098972054341667,-3.134620051860472
Sweden,24.74898299903594,-28.982884716881596,20.883320947022018,-1.642367820129979,-2.283686043396715,9.661206679916829,8.849631265363946,-6.283253588516755,3.367574080503176,-16.96499130709658,-52.64698184586831,172.4600542659029,-34.21115721530657,41.27095363570105
Switzerland,8.349326191028533,-6.807653379009665,6.3295633739570185,2.179378891747994,-9.500466180301222,-3.468822023727321,10.085050667312155,2.5786333243380986,-5.180594935352183,2.355213942208873,-12.940727652397378,22.429022809566614,-7.777296360485286,0.22367251892026693
Syria,-2.6329892986186496,3.3180930397726986,-2.7823247620888854,-0.09147998709556134,-0.35077320499664727,-0.16690414996515013,0.011115903300523897,1.5871745625266724,0.6284518901697015,-0.47535379717656423,8.59592468132898,-10.151622456863269,4.0338761398040255,3.427812528251186
Taiwan,0.05288090778891905,0.40373787868777117,1.4907477134313583,-1.0820078377132338,-1.0821911822538,-0.48112318520481334,2.626974762251757,-0.28869962624030465,-1.4737032351346715,0.7517252259027934,-0.6110216952756818,-2.082112081599158,1.2867571400241844,2.0243812338381826
Tajikistan,-0.5975422427035266,6.037613388759236,-7.465971028010135,-7.580124419245575,19.384138236597217,-11.195169647572682,6.689812582376943,-1.6301072676871171,-4.897846662786791,-1.502512239113596,9.165672056635525,-3.8191376237475536,-18.947663464083845,51.29680505657911
Tanzania,0.6332374217191828,-0.1934193543669095,1.117705242334318,1.2144003535962702,-1.008687310513174,2.9382943718247794,-2.8579357245478305,-0.5203493102388477,-0.9556316474377012,1.9535593829937914,0.508279337652995,-0.8520407432345535,-0.003251057496742697,-1.2827645001878456
Thailand,0.30476662630653645,1.4358766388067015,0.3982408685711403,-0.5117707267144307,-0.559120417276449,1.2572327044025307,-0.32919459127077155,-0.4035047267696481,-1.5576752814859207,1.6249078382020368,2.7828768172820344,-4.154851586364681,3.9514951431654977,2.1102825314229174
Timor Leste,-0.0689523079869511,1.1745952645634363,0.8493279574136176,-0.04602220962956564,-0.5124285857472572,1.477829410505399,-2.4475524475524595,1.0501442278641395,-0.6458212032039388,1.275963545708848,0.5617573370950437,-2.8811192291302854,0.7138647980425378,0.4060761973205879
Togo,0.594139856551124,-0.11630413988078363,0.3164845588369497,0.616425278891523,-0.47650458884162356,0.8416586213262744,0.006602641056411445,0.34331466709880837,-1.4316647027508584,0.8935642137393354,1.2597586941092953,-1.0243144755325577,-1.2677636948485522,1.0871051759821952
Tonga,0.6668202797153857,-0.1397636156812519,-0.42473979044318555,0.11021282235505264,-0.11671091229611696,-0.4164646545680422,0.10052363356160596,1.5224358974358971,-1.3648442319821537,-2.984104576442358,4.2248498971701345,0.5069581474429093,-1.629762068491265,1.863159734358611
Trinidad And Tobago,-0.8954381350570211,1.2071042954385724,-0.349741172978123,1.0122544227946806,-1.198723246076198,1.5011924343383696,-0.4904438501527038,-0.6347779508555245,-0.2651993952462328,0.7961605367793337,1.8715926566260768,-1.9191906968864432,0.03732125892933225,0.2178316730027357
Tunisia,-2.3845345790221044,2.6524916629218733,-1.718026995372766,0.6993799352194585,-2.4793292231047372,-0.47425609033146493,2.22707266469186,-0.7289222587204827,0.23596054456066928,-0.5285806920673314,2.452293469242625,-2.8451663408106844,2.306510702987642,1.8993210475266724
Turkey,-6.764853833565762,8.861995724715378,-7.108576590819267,-0.06213361428533232,-0.17164945666864267,0.9971432826525348,0.13807433224975188,2.933715303110418,-1.2289965145918862,1.2403386572214836,11.446370742238814,-16.574862877815374,7.8888469232167955,9.119109514887867
Turkmenistan,0.12007611604643792,1.0712579658295012,-1.1720281970575699,-4.500521482536728,6.529788129498335,-0.5080863746836776,-0.4171902488062389,-1.2593377750858015,-2.72357827476041,3.1361503334261838,4.209105036557728,-7.3790129372304865,0.4413146531245815,17.39212697745307
Turks And Caicas Islands,-1.0086327456782391,1.0726993381414034,1.6711882135964578,0.41123047256907236,-1.0225175562639133,-0.12258945246405263,-0.1875950855542821,0.5535195401810186,-0.614186067578544,0.04132030528411063,-0.5211496877960843,0.5080047381210981,-0.0817082801774079,0.1020415401280728
Uganda,1.1889380800189082,-0.6582228337182707,1.8143625164666788,0.05595070742676578,-0.133857111901753,0.9151580266183281,-1.0809479882645894,-1.1761983726042102,0.024477980460181917,2.3447003954531866,-0.5191186764899751,-0.8175763233798196,0.3326063058221968,0.9197740033885331
Ukraine,-2.008116612760434,-4.053812300976776,4.9056533412887555,-12.343813874126857,7.674682671641165,0.7551362446566305,-5.188397129186609,18.933330704936147,-4.929349852898538,-1.372943853134231,0.25985045341252316,-7.004830917874388,5.68584699971559,17.46735074626867
United Arab Emirates,-1.4358000005688554,0.45652217826293834,0.16689886962645828,0.5861839539312007,-0.42538632605349624,-0.3816772035916922,-0.03046721181899762,0.593429152207092,-1.6157291360007506,1.5431991168438821,1.866495771488709,-1.5702586110050047,0.754711597449086,-0.18761858910818419
United Kingdom,-2.93549499827527,-2.55428408969756,5.903483739207331,0.6448224801129413,-0.04875753817203402,-0.8429754895248524,2.9845593502671313,-1.4674701016585496,-4.58535340648122,1.1240963103610961,-11.202397743300416,18.03101298495016,-8.78590352832331,-0.4416822653966373
United Kingdom (Europe),-2.6915675519875304,-2.894081159723301,6.644297710471535,0.3903423908471368,-0.5212261384014375,-0.4582519037671394,2.858641933518411,-1.062972043506181,-5.150764215743328,1.3212344380150964,-11.948912751910166,18.931189685331834,-8.923997289748959,-0.8374008818566056
United States,0.8649524406815174,1.4076357764017964,0.3125345959617381,-0.6222727812961888,-0.8978225027976643,2.3291095595207665,0.8272120762854513,-1.3735024311995812,-9.007200338839443,2.0741595836785556,4.033015641388107,0.46639255875929764,7.446836359828646,10.096670537819548
Uruguay,0.8462182845622007,4.603883030396864,-3.124397126846748,-2.1632310919894056,2.591169008217506,0.7396299543210288,0.25282481347299424,-3.970578157479944,4.3635879235373025,-2.238268464575209,0.2727832282612854,-0.5329216288986625,3.8397344491455923,-9.479847641687813
Uzbekistan,0.21809205401972245,0.42447359295970033,-0.9007239129399597,-5.148891945957948,9.761102525777137,-2.755850990167589,-1.835303332383909,1.030616254117909,-4.446571736268997,2.9403661682570856,4.566190603634934,-8.270558602998065,0.02346331162450747,23.159196094592005
Venezuela,0.17229021036506,1.5079005586518577,0.0032335670124398253,0.9163632601062109,-0.7324575456584431,0.7807910552783226,-0.6514365874202893,0.016118685102129444,-0.796134717597791,1.7025203149012795,0.25046402934006484,-1.8084594474877542,0.04381296084742785,0.8731180842332792
Vietnam,-0.3511116805229908,0.8464711258135592,0.8634858503405951,0.4263387138098865,-1.7994849867164548,1.002137292462647,0.9263451038494426,-0.9008519184306122,-2.132183001515651,2.865722054041944,1.5031319506653944,-4.593624161073814,4.27032369482714,2.136433554167295
Virgin Islands,-0.9914222835430568,1.5060776202040562,0.6068833346642132,0.28848443405154045,-1.2687241833805458,1.4629213413863213,-0.18170989620048317,0.3476429080237702,-1.987622861303225,1.1681028079037115,1.303914190086332,-1.5743346903274804,0.7397725145822067,-0.17482836971023588
Western Sahara,0.8050066597332259,2.974938550034211,-1.0423294745464309,-0.2085301995779522,0.050194548373657874,0.3714667957075089,-0.28005047998525523,-1.264477323303791,0.7676105780482115,0.24868067043737,3.135725818236263,-2.956757933586976,-0.4180688353542694,1.8917111582350252
Yemen,0.30191047486162026,-1.338561630937261,0.20780292278658577,0.8574448083268208,-0.08650808881089861,-0.14420336027365505,-0.4384250891505077,0.4995400183992698,-1.8426809955786556,1.9953992974602777,-0.1450737407385914,-0.053108203386099125,0.5744230575430773,2.4949899799599105
Zambia,0.4987938047012283,1.1302448735045842,2.2474572772896058,-0.608577655331233,-1.7541682181126252,4.8025205097677475,-4.511583053893532,0.2490331317350824,-1.385931573444454,0.624153542545403,2.756082647869737,-2.22708730960669,-0.33912707313430474,-2.3124517519097663
Zimbabwe,-1.5699902263454129,2.575377874446377,1.785851477389731,-0.8597102346276917,-2.559622375758972,5.527188626836644,-3.958995849977217,-0.06707140792137256,-0.27155150799804345,-0.7812892820261067,2.8488229309195607,-1.7457880872515104,-0.37534380798444034,-3.7664178179790446
Åland,7.6779026217228274,-12.107551487414183,6.242026608347015,-7.023390881354677,3.0877294711455763,3.1512067907547783,5.599276233439503,-1.0081331346016233,6.590553421539355,-13.389391259857387,-25.075447225468444,47.48813053836795,-15.435391463003647,2.734756139458809
